{"cameraMode":{"drawMode":0,"name":"Shaded","section":"Shading Mode"},"sceneLighting":true,"audioPlay":false,"sceneViewState":{"showFog":false,"showMaterialUpdate":false,"showSkybox":false,"showFlares":true,"showImageEffects":true,"showParticleSystems":true},"in2DMode":false,"pivot":{"x":1431.5115966796875,"y":-2600.85693359375,"z":576.210693359375},"rotation":{"x":0.41165798902511599,"y":0.4850873351097107,"z":-0.2772296071052551,"w":0.7200420498847961},"size":3085.680419921875,"orthographic":false}